m0,ant
m1,ant
m2,ant
m3,ant
m4,ant
m5,ant
m6,bee
m7,bee
m8,bee
m9,butterfly
m10,butterfly
m11,butterfly
m12,butterfly
m13,butterfly
m14,butterfly
m15,butterfly
m16,spider
m17,spider
m18,spider
m19,spider
m20,spider
m21,spider
m22,spider
m23,spider
m24,spider
m25,spider
m26,spider
m27,standing_bird
m28,standing_bird
m29,standing_bird
m30,standing_bird
m31,standing_bird
m32,standing_bird
m33,standing_bird
m48,duck
m49,duck
m50,duck
m51,duck
m52,duck
m53,fish
m54,fish
m55,fish
m56,fish
m57,fish
m58,fish
m59,fish
m60,fish
m61,fish
m62,fish
m63,fish
m64,fish
m65,fish
m66,fish
m67,dolphin
m68,dolphin
m69,dolphin
m70,dolphin
m71,dolphin
m72,dolphin
m73,dolphin
m74,dolphin
m75,shark
m76,shark
m77,shark
m78,shark
m79,shark
m80,shark
m81,shark
m82,snake
m83,snake
m84,snake
m85,snake
m86,dog
m87,dog
m88,dog
m89,dog
m90,dog
m91,dog
m92,dog
m99,pig
m100,pig
m101,pig
m102,pig
m103,horse
m104,horse
m105,horse
m106,horse
m107,horse
m108,horse
m109,rabbit
m110,rabbit
m111,rabbit
m112,rabbit
m113,human-skeleton
m114,human-skeleton
m115,human-skeleton
m116,human-skeleton
m117,human-skeleton
m277,sea_turtle
m278,sea_turtle
m279,sea_turtle
m280,sea_turtle
m281,sea_turtle
m282,sea_turtle
m283,brain
m284,brain
m285,brain
m286,brain
m287,brain
m288,brain
m289,brain
m290,face
m291,face
m292,face
m293,face
m294,face
m295,face
m296,face
m297,face
m298,face
m299,face
m300,face
m301,face
m302,face
m303,face
m304,face
m305,face
m306,face
m307,face
m308,face
m309,face
m310,face
m311,face
m312,face
m313,face
m314,face
m315,face
m316,face
m317,face
m318,face
m319,face
m320,face
m321,face
m322,face
m323,hand
m324,hand
m325,hand
m326,hand
m327,hand
m328,hand
m329,hand
m330,hand
m331,hand
m332,hand
m333,hand
m334,hand
m335,hand
m336,hand
m337,hand
m338,hand
m339,hand
m340,head
m341,head
m342,head
m343,head
m344,head
m345,head
m346,head
m347,head
m348,head
m349,head
m350,head
m351,head
m352,head
m353,head
m354,head
m355,head
m356,head
m357,head
m358,head
m359,head
m360,head
m361,head
m362,head
m363,head
m364,head
m365,head
m366,head
m367,head
m368,head
m369,head
m370,head
m371,head
m376,skull
m377,skull
m378,skull
m379,skull
m380,skull
m381,skull
m382,castle
m383,castle
m384,castle
m385,castle
m386,castle
m387,castle
m388,castle
m389,church
m390,church
m391,church
m392,church
m398,church
m399,church
m400,church
m401,church
m402,church
m403,church
m404,church
m405,church
m406,church
m407,church
m408,church
m409,church
m410,church
m423,church
m424,church
m425,church
m426,church
m427,house
m428,house
m429,house
m430,house
m431,house
m432,house
m433,house
m434,house
m435,house
m436,house
m437,house
m439,house
m441,house
m443,house
m445,house
m447,house
m449,house
m451,house
m453,house
m455,house
m457,barn
m458,barn
m459,barn
m460,barn
m461,barn
m462,barn
m463,skyscraper
m464,skyscraper
m465,skyscraper
m466,skyscraper
m467,skyscraper
m473,tent
m474,tent
m475,tent
m476,tent
m477,tent
m478,tent
m479,tent
m480,tent
m481,tent
m482,wine-bottle
m483,wine-bottle
m484,wine-bottle
m485,wine-bottle
m486,wine-bottle
m487,wine-bottle
m488,wine-bottle
m489,wine-bottle
m490,wine-bottle
m491,wine-bottle
m492,wine-bottle
m493,wine-bottle
m494,wineglass
m495,wineglass
m496,wineglass
m497,wineglass
m498,wineglass
m499,wineglass
m500,wineglass
m501,wineglass
m502,wineglass
m503,beer-mug
m504,beer-mug
m505,beer-mug
m506,beer-mug
m507,beer-mug
m508,beer-mug
m509,beer-mug
m514,mailbox
m515,mailbox
m516,mailbox
m517,mailbox
m518,mailbox
m519,mailbox
m520,mailbox
m526,vase
m527,vase
m528,vase
m529,vase
m530,vase
m531,vase
m532,vase
m533,vase
m534,vase
m535,vase
m536,vase
m537,vase
m538,vase
m539,vase
m540,vase
m541,vase
m542,vase
m543,vase
m544,vase
m545,vase
m546,vase
m547,vase
m548,computer_monitor
m549,computer_monitor
m550,computer_monitor
m551,computer_monitor
m552,computer_monitor
m553,computer_monitor
m554,computer_monitor
m555,computer_monitor
m556,computer_monitor
m557,computer_monitor
m558,computer_monitor
m559,computer_monitor
m560,computer_monitor
m561,tv
m562,tv
m563,tv
m564,tv
m565,tv
m566,tv
m567,tv
m568,tv
m569,tv
m570,tv
m571,tv
m572,tv
m580,binoculars
m581,binoculars
m582,binoculars
m583,binoculars
m584,binoculars
m585,binoculars
m586,binoculars
m587,microscope
m588,microscope
m589,microscope
m590,microscope
m591,hourglass
m592,hourglass
m593,hourglass
m594,hourglass
m595,hourglass
m596,hourglass
m597,hourglass
m598,wrist-watch
m599,wrist-watch
m600,wrist-watch
m601,wrist-watch
m602,wrist-watch
m603,tablelamp
m604,tablelamp
m605,tablelamp
m606,tablelamp
m607,tablelamp
m608,tablelamp
m609,tablelamp
m610,tablelamp
m611,tablelamp
m612,tablelamp
m613,tablelamp
m614,tablelamp
m615,tablelamp
m616,tablelamp
m617,tablelamp
m618,floor_lamp
m619,floor_lamp
m620,floor_lamp
m621,floor_lamp
m622,floor_lamp
m623,floor_lamp
m624,floor_lamp
m625,guitar
m626,guitar
m627,guitar
m628,guitar
m629,guitar
m630,guitar
m631,guitar
m632,guitar
m633,guitar
m634,guitar
m635,guitar
m636,guitar
m637,guitar
m638,guitar
m639,guitar
m640,guitar
m641,guitar
m642,piano
m643,piano
m644,piano
m645,piano
m646,piano
m647,piano
m687,sword
m688,sword
m689,sword
m690,sword
m691,sword
m692,sword
m693,sword
m694,sword
m695,sword
m696,sword
m697,sword
m698,sword
m699,sword
m700,sword
m701,sword
m702,sword
m703,sword
m704,sword
m705,sword
m706,sword
m707,sword
m708,sword
m709,sword
m710,sword
m711,sword
m712,sword
m713,sword
m714,sword
m715,sword
m716,sword
m717,sword
m718,sword
m719,sword
m720,sword
m721,sword
m722,sword
m723,sword
m724,knife
m725,knife
m726,knife
m727,knife
m728,knife
m729,axe
m730,axe
m731,axe
m732,axe
m733,tire
m734,tire
m735,tire
m736,tire
m737,tire
m738,tire
m739,tire
m740,tire
m741,wheel
m742,wheel
m743,wheel
m744,wheel
m745,wheel
m746,wheel
m747,wheel
m748,wheel
m749,wheel
m750,ice-cream-cone
m751,ice-cream-cone
m752,ice-cream-cone
m753,ice-cream-cone
m754,ice-cream-cone
m755,ice-cream-cone
m756,ice-cream-cone
m757,ice-cream-cone
m758,ice-cream-cone
m759,ice-cream-cone
m760,ice-cream-cone
m761,ice-cream-cone
m774,bench
m775,bench
m776,bench
m777,bench
m778,bench
m779,bench
m780,bench
m781,bench
m782,bench
m783,bench
m784,bench
m785,chair
m786,chair
m787,chair
m788,chair
m789,chair
m790,chair
m791,chair
m807,chair
m808,chair
m809,chair
m810,chair
m811,chair
m812,chair
m813,chair
m814,chair
m815,chair
m816,chair
m817,chair
m818,chair
m819,chair
m820,chair
m821,chair
m822,chair
m823,chair
m824,chair
m825,chair
m826,chair
m827,chair
m828,chair
m829,couch
m830,couch
m831,couch
m832,couch
m833,couch
m834,couch
m835,couch
m836,couch
m837,couch
m838,couch
m839,couch
m840,couch
m841,couch
m842,couch
m843,couch
m870,table
m871,table
m872,table
m873,table
m874,table
m875,table
m876,table
m877,table
m878,table
m879,table
m880,table
m881,table
m882,table
m883,table
m884,table
m885,table
m886,table
m887,table
m888,table
m889,table
m890,table
m891,table
m892,table
m893,table
m894,table
m895,table
m896,table
m897,table
m898,table
m899,table
m900,table
m901,table
m902,table
m903,table
m904,table
m905,table
m906,table
m907,table
m908,table
m909,table
m910,table
m911,table
m912,table
m913,table
m914,table
m915,table
m916,table
m917,table
m918,table
m919,table
m920,table
m921,table
m922,table
m923,table
m924,table
m925,table
m926,table
m927,table
m928,table
m929,table
m930,table
m931,table
m932,table
m944,bed
m945,bed
m946,bed
m947,bed
m948,bed
m949,bed
m950,bed
m951,bed
m952,cabinet
m953,cabinet
m954,cabinet
m955,cabinet
m956,cabinet
m957,cabinet
m958,cabinet
m959,cabinet
m960,cabinet
m961,bush
m962,bush
m963,bush
m964,bush
m965,bush
m966,bush
m967,bush
m968,bush
m969,bush
m974,flower_with_stern
m975,flower_with_stern
m976,flower_with_stern
m977,flower_with_stern
m978,flower_with_stern
m979,flower_with_stern
m980,flower_with_stern
m981,flower_with_stern
m982,flower_with_stern
m983,flower_with_stern
m984,flower_with_stern
m985,flower_with_stern
m986,flower_with_stern
m987,flower_with_stern
m988,flower_with_stern
m989,potted_plant
m990,potted_plant
m991,potted_plant
m992,potted_plant
m993,potted_plant
m994,potted_plant
m995,potted_plant
m996,potted_plant
m997,potted_plant
m998,potted_plant
m999,potted_plant
m1000,potted_plant
m1001,potted_plant
m1002,potted_plant
m1003,potted_plant
m1004,potted_plant
m1005,potted_plant
m1006,potted_plant
m1007,potted_plant
m1008,potted_plant
m1009,potted_plant
m1010,potted_plant
m1011,potted_plant
m1012,potted_plant
m1013,potted_plant
m1014,potted_plant
m1015,potted_plant
m1016,potted_plant
m1017,potted_plant
m1018,potted_plant
m1019,potted_plant
m1020,potted_plant
m1021,potted_plant
m1022,potted_plant
m1023,potted_plant
m1024,potted_plant
m1025,potted_plant
m1026,potted_plant
m1027,potted_plant
m1028,potted_plant
m1029,potted_plant
m1030,potted_plant
m1031,potted_plant
m1032,potted_plant
m1033,potted_plant
m1034,potted_plant
m1035,potted_plant
m1036,potted_plant
m1037,potted_plant
m1038,potted_plant
m1039,potted_plant
m1040,tree
m1041,tree
m1042,tree
m1043,tree
m1044,tree
m1045,tree
m1046,tree
m1047,tree
m1048,tree
m1049,tree
m1050,tree
m1051,tree
m1052,tree
m1053,tree
m1054,tree
m1055,tree
m1056,tree
m1057,tree
m1058,tree
m1059,tree
m1060,tree
m1061,tree
m1062,tree
m1063,tree
m1064,tree
m1065,tree
m1066,tree
m1067,tree
m1068,tree
m1069,tree
m1070,tree
m1071,tree
m1072,tree
m1073,tree
m1074,tree
m1075,tree
m1076,tree
m1077,tree
m1078,tree
m1079,tree
m1080,tree
m1081,tree
m1082,tree
m1083,tree
m1084,tree
m1085,tree
m1086,tree
m1087,tree
m1088,potted_plant
m1089,palm_tree
m1090,palm_tree
m1091,palm_tree
m1092,palm_tree
m1093,palm_tree
m1094,palm_tree
m1095,palm_tree
m1096,palm_tree
m1097,palm_tree
m1098,palm_tree
m1099,shovel
m1100,shovel
m1101,shovel
m1102,shovel
m1103,shovel
m1104,shovel
m1109,hammer
m1110,hammer
m1111,hammer
m1112,hammer
m1113,screwdriver
m1114,screwdriver
m1115,screwdriver
m1116,screwdriver
m1117,screwdriver
m1118,airplane
m1119,airplane
m1120,airplane
m1121,airplane
m1122,airplane
m1123,airplane
m1124,airplane
m1125,airplane
m1126,airplane
m1127,airplane
m1128,airplane
m1129,airplane
m1130,airplane
m1131,airplane
m1132,airplane
m1133,airplane
m1134,airplane
m1135,airplane
m1136,airplane
m1137,airplane
m1138,airplane
m1139,airplane
m1140,airplane
m1141,airplane
m1142,airplane
m1143,airplane
m1144,airplane
m1145,airplane
m1146,airplane
m1147,airplane
m1148,airplane
m1149,airplane
m1150,airplane
m1151,airplane
m1152,airplane
m1153,airplane
m1154,airplane
m1155,airplane
m1156,airplane
m1157,airplane
m1158,airplane
m1159,airplane
m1160,airplane
m1161,airplane
m1162,airplane
m1163,airplane
m1164,airplane
m1165,airplane
m1166,airplane
m1167,airplane
m1168,airplane
m1169,airplane
m1170,airplane
m1171,airplane
m1172,airplane
m1173,airplane
m1174,airplane
m1175,airplane
m1176,airplane
m1177,airplane
m1178,airplane
m1179,airplane
m1180,airplane
m1181,airplane
m1182,airplane
m1183,airplane
m1184,airplane
m1185,airplane
m1186,airplane
m1187,airplane
m1188,airplane
m1189,airplane
m1190,airplane
m1191,airplane
m1192,airplane
m1193,airplane
m1194,airplane
m1195,airplane
m1196,airplane
m1197,airplane
m1198,airplane
m1199,airplane
m1200,airplane
m1201,airplane
m1202,airplane
m1203,airplane
m1204,airplane
m1205,airplane
m1206,airplane
m1207,airplane
m1208,airplane
m1209,airplane
m1210,airplane
m1211,airplane
m1212,airplane
m1213,airplane
m1214,airplane
m1215,airplane
m1216,airplane
m1217,airplane
m1218,airplane
m1219,airplane
m1220,airplane
m1221,airplane
m1222,airplane
m1223,airplane
m1224,airplane
m1225,airplane
m1226,airplane
m1227,airplane
m1228,airplane
m1229,airplane
m1230,airplane
m1231,airplane
m1232,airplane
m1233,airplane
m1234,airplane
m1235,airplane
m1236,airplane
m1237,airplane
m1238,airplane
m1239,airplane
m1240,airplane
m1241,airplane
m1242,airplane
m1243,airplane
m1244,airplane
m1245,airplane
m1246,airplane
m1247,airplane
m1248,airplane
m1249,airplane
m1250,airplane
m1251,airplane
m1252,airplane
m1253,airplane
m1254,airplane
m1255,airplane
m1256,airplane
m1257,airplane
m1258,airplane
m1259,airplane
m1260,airplane
m1261,airplane
m1262,airplane
m1263,airplane
m1264,airplane
m1265,airplane
m1266,airplane
m1267,airplane
m1268,airplane
m1269,airplane
m1270,airplane
m1271,airplane
m1272,airplane
m1273,airplane
m1274,airplane
m1275,airplane
m1276,airplane
m1277,airplane
m1278,airplane
m1279,airplane
m1280,airplane
m1281,airplane
m1282,airplane
m1283,airplane
m1284,airplane
m1285,airplane
m1286,airplane
m1287,airplane
m1288,airplane
m1289,airplane
m1290,airplane
m1291,airplane
m1292,airplane
m1293,airplane
m1294,airplane
m1295,airplane
m1296,airplane
m1297,airplane
m1298,airplane
m1299,airplane
m1300,airplane
m1301,airplane
m1302,helicopter
m1303,helicopter
m1304,helicopter
m1305,helicopter
m1306,helicopter
m1307,helicopter
m1308,helicopter
m1309,helicopter
m1310,helicopter
m1311,helicopter
m1312,helicopter
m1313,helicopter
m1314,helicopter
m1315,helicopter
m1316,helicopter
m1317,helicopter
m1318,helicopter
m1319,helicopter
m1320,helicopter
m1321,helicopter
m1322,helicopter
m1323,helicopter
m1324,helicopter
m1325,helicopter
m1326,helicopter
m1327,helicopter
m1328,helicopter
m1329,helicopter
m1330,helicopter
m1331,helicopter
m1332,helicopter
m1333,helicopter
m1334,helicopter
m1335,helicopter
m1336,helicopter
m1337,hot_air_balloon
m1338,hot_air_balloon
m1339,hot_air_balloon
m1340,hot_air_balloon
m1341,hot_air_balloon
m1342,hot_air_balloon
m1343,hot_air_balloon
m1344,hot_air_balloon
m1345,hot_air_balloon
m1388,satellite
m1389,satellite
m1390,satellite
m1391,satellite
m1392,satellite
m1393,satellite
m1394,satellite
m1395,space_shuttle
m1396,space_shuttle
m1397,space_shuttle
m1398,space_shuttle
m1399,space_shuttle
m1400,space_shuttle
m1427,ship
m1428,ship
m1429,ship
m1430,ship
m1431,ship
m1432,ship
m1433,ship
m1434,ship
m1435,ship
m1436,ship
m1437,ship
m1438,ship
m1439,ship
m1440,ship
m1441,ship
m1442,ship
m1443,ship
m1444,ship
m1445,ship
m1446,ship
m1447,ship
m1448,sailboat
m1449,sailboat
m1450,sailboat
m1451,sailboat
m1452,sailboat
m1453,sailboat
m1454,sailboat
m1455,sailboat
m1456,sailboat
m1457,sailboat
m1458,sailboat
m1459,sailboat
m1460,sailboat
m1461,sailboat
m1462,sailboat
m1463,submarine
m1464,submarine
m1465,submarine
m1466,submarine
m1467,submarine
m1468,submarine
m1469,submarine
m1470,submarine
m1471,submarine
m1472,bicycle
m1473,bicycle
m1474,bicycle
m1475,bicycle
m1476,bicycle
m1477,bicycle
m1478,bicycle
m1479,motorbike
m1480,motorbike
m1481,motorbike
m1482,motorbike
m1483,motorbike
m1484,motorbike
m1485,suv
m1486,suv
m1487,suv
m1488,suv
m1494,suv
m1495,suv
m1496,suv
m1497,suv
m1498,suv
m1499,suv
m1500,suv
m1501,suv
m1502,race_car
m1503,race_car
m1504,race_car
m1505,race_car
m1506,race_car
m1507,race_car
m1508,race_car
m1509,race_car
m1510,race_car
m1511,race_car
m1512,race_car
m1513,race_car
m1514,race_car
m1515,race_car
m1516,pickup_truck
m1517,pickup_truck
m1518,pickup_truck
m1519,pickup_truck
m1520,pickup_truck
m1521,pickup_truck
m1522,car_sedan
m1523,car_sedan
m1524,car_sedan
m1525,car_sedan
m1526,car_sedan
m1527,car_sedan
m1528,car_sedan
m1529,car_sedan
m1530,car_sedan
m1531,car_sedan
m1532,car_sedan
m1533,car_sedan
m1534,car_sedan
m1535,car_sedan
m1536,car_sedan
m1537,car_sedan
m1538,car_sedan
m1539,car_sedan
m1540,car_sedan
m1541,car_sedan
m1542,car_sedan
m1543,car_sedan
m1544,car_sedan
m1545,truck
m1546,truck
m1547,truck
m1548,truck
m1549,truck
m1550,truck
m1551,truck
m1552,truck
m1553,truck
m1554,truck
m1560,truck
m1561,truck
m1562,truck
m1563,truck
m1564,truck
m1577,train
m1578,train
m1579,train
m1580,train
m1581,train
m1582,train
m1583,train
m1584,train
m1585,train
m1586,train
m1587,train
m1588,train
m1615,skateboard
m1616,skateboard
m1617,skateboard
m1618,skateboard
m1619,skateboard
m1620,dragon
m1621,dragon
m1622,dragon
m1623,dragon
m1624,dragon
m1625,dragon
m1626,hat
m1627,hat
m1628,hat
m1629,hat
m1630,hat
m1631,hat
m1632,hat
m1633,hat
m1634,hat
m1635,hat
m1636,hat
m1637,hat
m1638,hat
m1639,hat
m1640,hat
m1641,hat
m1642,ladder
m1643,ladder
m1644,ladder
m1645,ladder
m1705,door
m1706,door
m1707,door
m1708,door
m1709,door
m1710,door
m1711,door
m1712,door
m1713,door
m1714,door
m1715,door
m1716,door
m1717,door
m1718,door
m1719,door
m1720,door
m1721,door
m1722,door
m1723,door
m1724,door
m1725,door
m1726,door
m1727,door
m1728,door
m1729,door
m1730,door
m1731,door
m1732,door
m1740,shoe
m1741,shoe
m1742,shoe
m1743,shoe
m1744,shoe
m1745,shoe
m1746,shoe
m1747,shoe
m1748,umbrella
m1749,umbrella
m1750,umbrella
m1751,umbrella
m1752,umbrella
m1753,umbrella
m1754,snowman
m1755,snowman
m1756,snowman
m1757,snowman
m1758,snowman
m1759,snowman
m1764,laptop
m1765,laptop
m1766,laptop
m1767,laptop
m1779,bridge
m1780,bridge
m1781,bridge
m1782,bridge
m1783,bridge
m1784,bridge
m1785,bridge
m1786,bridge
m1787,bridge
m1788,bridge
m1789,book
m1790,book
m1791,book
m1792,book
m1811,satellite_dish
m1812,satellite_dish
m1813,satellite_dish
m1814,satellite_dish
